P005,星光璀璨,T001,26,61.2,H009|H013|H010
P004,影之舞,T001,20,48.7,H008|H007|H005
P015,听风,T003,21,49.6,H009|H004|H001
P007,月下独酌,T002,24,55.6,H003|H012|H014
P006,不败战神,T002,30,72.8,H002|H007|H009|H004
P001,梦之泪伤,T001,28,65.5,H007|H015|H004
P012,明月,T003,22,51.8,H001|H012|H006
P011,清风,T003,19,45.3,H003|H011|H008
P003,剑如虹,T001,22,52.1,H003|H002|H011
P014,浅梦,T003,20,47.0,H013|H010|H015
P002,月色如歌,T001,25,58.3,H006|H001|H012
P013,孤影,T003,18,42.5,H005|H014|H007
P009,九天揽月,T002,27,63.4,H015|H007|H005
P008,风之痕,T002,21,50.2,H001|H008|H011
P010,暖阳,T002,23,54.0,H006|H013|H012|H010
